business_name,email,source
ADUNNI'S BRAIDS & LOCS,adunnieaston@yahoo.com,Yahoo Local / Birdeye
African Braiding Center,africanbraidingcenterr@gmail.com,Facebook page
African Braids By Laure's Eden,laureeden22@gmail.com,braidsbylaures.com
African Queen Braids,,phone only
Akwaba Hair Braiding,akwabasalon@gmail.com,akwababraiding.com
Amor Fati Hair DC,info@amorfatihair.com,amorfatihair.com
Anix Hair Braiding,,phone only
Arlington Barber Shop,,phone only
Aurora Salon,hello@aurorasalondc.com,aurorasalondc.com
B Forever Flawless,iamreneechantel@gmail.com,Acuity Scheduling
Ballston Barber Shop,,phone only
Bang Salon & Aura Spa City Vista,info@bangsalonauraspa.com,bangsalonauraspa.com
Barber of Hell's Bottom,hellsbottomdc@gmail.com,barberofhellsbottom.com
Barber Super Mario,hello@barbersupermario.com,barbersupermario.com
BarberArlington,,phone only
Bearded Goat Barber,mgmtny@beardedgoatbarber.com,beardedgoatbarber.com
Beauty By Chynaa LLC,beautyispower95@gmail.com,Atly listing
Bella Li Studio,info@bellalistudio.com,bellalistudio.com
Blondie's Spa Hair Studio,info@blondiesdc.com,blondiesdc.com
Bold Blade Barbershop,contact@boldbladebarber.com,boldbladebarber.com
C.H.O.W. Bella Salon,Caprice_k_king@yahoo.com,buyblack.org / Booksy
Capital Hair Extensions,lasttanglesalon@yahoo.com,capitalhairextension.com
Casablanca Barber House,appointment@casablancabarbers.com,casablancabarbers.com
Cavalry Salon,cavalrysalon@gmail.com,ZoomInfo / Nextdoor
Clarendon Barber & Hairstylist LLC,sarah@clarendonhairshop.com,clarendonhairshop.com
Cole Stevens Salon,csinfo@colestevenssalon.com,colestevenssalon.com
Columbia Hair Salon Inc,columbia_hair@hotmail.com,columbiahair-salon.com
Community Barber Shop,,not found
Crystal City Cuts,info@ccsportspub.com,ccsportspub.com
David Rios Salon & Spa,davidriossalon@gmail.com,davidrios.net
Dazzles,,phone only
Eden DC Salon,eden@edendcsalon.com,edendcsalon.com
Ferro Salon,info@ferrosalon.com,ferrosalon.com
Fiddleheads Salon,fiddleheadsdc@hotmail.com,Yahoo Local / BBB
Golden Barber Shop,,phone only
Grace Filled Hands Hair Studio,,phone only
Hair by Kalizya,kalizyastylist@gmail.com,kalizya.com
Hair by Rachel Marie,rachel@hairbyrachelmarie.com,hairbyrachelmarie.com
Hair Extensions by Diana,,not found
Hair Lounge Salon,dlevy888@aol.com,hairloungesalon.com
Hair Play Salon,hairplaysalonva@gmail.com,hairplaysalonva.com
Hawish Hair Braiding and Weaving Salon,info@hawishhairbraiding.com,hawishhairbraiding.com
Henry Barbershop,henrybarberdc@gmail.com,henrybarber.shop
hOm Salon,hello@salonhom.com,salonhom.com
Illusions of Georgetown,illusionsofgeorgetown@gmail.com,illusionsofgeorgetown.com
Illy's Barbershop 2,,phone only
Imperiallocs,contactus@imperiallocs.com,imperiallocs.com
INARI Salon and Spa,inarisalonandspa@gmail.com,inarisalon.com
Inizio Hair Salon,info@iniziodc.com,iniziodc.com
INSPIRATION LOCS-N-CUTZ,,not found
Inspire Barbershop,inspirebarbershop08@gmail.com,inspirebarbershop.com
Izzy Salon,info@izzydc.com,izzydc.com
J.A. Barbershop LLC,j.a.barbershop01@gmail.com,Birdeye / Sola Salons
JAJO'S Barber Shop,,not found
JaKa King Braids,inquire@jakaking.com,jakaking.com
Jasmine's Hair Gallery,,phone only
Khalid's Barber Shop,khalidbarbershop2019@gmail.com,khalidsbarbershop.com
Kiddy Braiding Studio,,not found
Kinky Locs by RaShaun,uwalktj30@gmail.com,GlossGenius / Fresha
Kiss Salon,info@kisssalondc.com,kisssalondc.com
La Belle African Hair Braiding,,not found
Lady Clipper Barber Shop,contact@theladyclipper.com,theladyclipper.com
LaMira Hair Braiding,lamiraafricandesignbraiding@gmail.com,Yahoo Local
Last Tangle In Washington Salon,lasttanglesalon@yahoo.com,ZoomInfo
Lavish Locs,,phone only
Lee Barber Shop,leehwybarber@gmail.com,leebarbershop.com
Lee's Barbershop,info@LeesBarbershopDC.com,leesbarbershopdc.com
Lewis Barbershop,,not found
LN LocCraftStudio,,not found
Loc Kween Studios,thelockween@gmail.com,GlossGenius
Loc Lov,loclov@loclov.com,loclov.com
Loc Studio & Lounge,,not found
Loc'd In by Jakeera,lockedinwithjakeera@gmail.com,GlossGenius
Loc'd Up,,not found
Locd With Tootie,,not found
LocJoy Inc,,phone only
Locs By Sunshine,Sunshine.vertex2020@gmail.com,Facebook
Locs Like Roses,sibrette.rose@gmail.com,GlossGenius
Locs N Beyond,,not found
Locs To Lashes Salon & Spa,info@locstolashes.com,locstolashes.com
Locss By Tip,,phone only
locXurious natural hair salon,,email masked in directories
Logan 14 Aveda Salon & Spa,info@logan14salonspa.com,logan14salonspa.com
Lord of Locs,reallordoflocs@gmail.com,chrone.work
Lorraine Hair Braiding,taffou@yahoo.fr,city-data.com / Sola Salons
Los Twins Barbershop,,phone only
Loud N Knotty,loudnknotty@gmail.com,loudnknotty.com
Lumen Salon,hello@lumensalons.com,lumensalons.com
Luv & Locs Natural Hair Care Salon,luvandlocssalon@gmail.com,GlossGenius
Lyon Park Barber Shop,lyonparkbarbershop@gmail.com,lyonparkbarbershop.com
Maggie's Touch Braids & Locs,info@maggiestouch.com,maggies-touch.com
Maggy's Beauty Salon,info@maggysbeauty.com,maggysbeauty.com
Mane Haven Barber Spa,,not found
Margueritte Hair Braiding,marguerittehairbraiding@gmail.com,marguerittehairbraiding.com
Mariame Hair Braiding,,phone only
Martha Hair Braid Designer,,phone only
Master Hair Extensions,myhairpro@gmail.com,masterhairextensions.com
Melody Hair Braiding,,not found
Metro Barber Shop,metrobarbershopdc@gmail.com,metrobarber.dial2me.com
Michael Anthony Salon,info@michaelanthonysalondc.com,michaelanthonysalondc.com
Mimosa Salon,vivianmimosaconn@gmail.com,Yelp
Misfit Barber,,not found
Mishawn's Salon,mishawnsalonllc@gmail.com,mishawnsalon.com
Miss Hair Braiding Gallery,,phone only
MobileTress,virginie@mobiletress.com,mobiletress.com
Mohamed's Barber Shop,,phone only
Molecule Salon DC,moleculesalondc@gmail.com,moleculesalondc.com
Monet Salon,,not found
Monica's Shear Images,shearimagesllc@gmail.com,BBB / Fresha
MoniqueNicole Hair Studio LLC,,paywalled on ZoomInfo
MOXee Salon & Spa,MOXeeSalon@gmail.com,BBB / ZoomInfo
My Natural Hair Spa,Mynaturalhairspa@gmail.com,BBB
N Natural Hair Studio,justemail@nnaturalhairstudio.com,nnaturalhairstudio.com
Nathalie's Hair Braiding,,phone only
Natural Beauty Lounge,nbllounge@outlook.com,GlossGenius
Natural Hair & Locking Center,,phone only
Natural Hair Goddess,,phone only
Naturalcentric Hair Salon,naturalcentric@gmail.com,naturalcentric.com
Naya's Chair | Holistic Hair Care,jhentitiesllc@gmail.com,GlossGenius
NJA_Locsbytae,njalocsbytae@gmail.com,GlossGenius
Ombre Salon,,not confirmed for DC
One80 Salon,info@one80salon.com,one80salon.com
Posh Hair Spa & Waxing,contacts@poshsalondc.com,poshsalondc.com
Queen Braiding Hair Salon,,not found
RADIANT LOCS,,not found
Rama's African Hair Braiding,,phone only
ReneeLocGoddess LLC,,social/booking only
Riverplace Barber and Stylist,,phone only
Rodas African Braids,selamsalon437@gmail.com,Wix site
Roosters Men's Grooming Center,info@roostersmgc.com,corporate/franchise email
Royal Barbershop,info@royalbarbershopandsalon.com,royalbarbershopandsalon.com
Royalmamzee Hair Braiding Salon,turayzainab46@yahoo.com,Facebook
SaHel Locs,info@sahellocs.com,sahellocs.com
Saint Germain DC,saintgermainsalon@gmail.com,saintgermainsalon.com
Sakira African Hair Braiding,info@sakirabraiding.com,sakirabraiding.com
Salon Cielo,info@saloncielo.com,ZoomInfo (may be closed)
Salon EGEAUX,salonegeaux@gmail.com,Birdeye / Cylex
Salon Emmanuel,Salonemmanuel25@gmail.com,salonemmanuel.com
Salon Leau and Le Spa,salonleau@gmail.com,salonleau.com
Salon Revive,info@salonrevive.com,salonrevive.com
Sanctuary Hair Solutions,info@sanctuaryhairsolutions.com,sanctuaryhairsolutions.com
Sassi Beauty & Loc Salon,,not found
Scissors & Blade Barber,,not found
Scissors & Scotch,navyyard@scissorsscotch.com,scissorsscotch.com
Selam Luxury Extensions,selamluxuryhair@gmail.com,selamluxextensions.com
Signature Cuts and Shaves,info@signaturecutsandshaves.com,signaturecutsandshaves.com
Signature Image Salon,info@signatureimagesalon.com,signatureimagesalon.com
Simply Natural Hair Braiding Shop,snbraidsalon@gmail.com,simplynaturalhairbraiding.com
Sir Bespoke Luxury Barbershop,,not found
Sisterlocks Microlocks-Locs Salon,,not found
Smitten Boutique Salon,info@thesmittensalon.com,ZoomInfo
So Rare Locs,,phone only
Style by Susie,susie.jung@salonlofts.com,Salon Lofts (platform email)
StyleBar Hair Salon,info@stylebaronline.co,stylebaronline.co
Sunrise African Braids,sunriseafricanbraids02@gmail.com,Instagram
Sunrise Hair Braiding Studio,sunrisehairbraidingstudio@gmail.com,sunrisehairbraidingstudio.com
Supreme Barbershop,,phone only
The Braid Master Shop,info@thebraidmastershop.com,thebraidmastershop.com
The District Hair Lounge,jasmine@thedistricthairlounge.com,thedistricthairlounge.com
The JPrince Experience,,phone only
The King of Crochet,,social only
The Loc Genius,thelocgenius@gmail.com,Yahoo Local
The Loc Shop,LoveYourLocs@The-LocShop.com,thelocshop.com
The Loc'd Barb-Her,,social only
The Premium Barber Shop,thepremiumbarbershop2023@gmail.com,thepremiumbarbershop.com
The Rosewood Salon Co,support@rosewoodsalonco.com,rosewoodsalonco.com
Thee Kee 2ur locs,theekee2urlocs@gmail.com,GlossGenius
TheStudeo,thestudeo@gmail.com,ZoomInfo / YellowPages
Thrive Hair Bar - Arlington,info@thrivehairbar.com,thrivehairbar.com
Thrive Hair Bar - DC,info@thrivehairbar.com,thrivehairbar.com
TL Barbershop,TLbarbershopTL@gmail.com,tlbarbershop.com
Touba Hair Braiding & Beauty Supply,adiahair2015@yahoo.com,toubahairbraidingbeautysupply.com
True hair love salon,braidsandstylesbyugo@gmail.com,Appointy booking
Tsunami Hair Studio,info@tsunamihairdc.com,tsunamihairdc.com
TT Hair Braiding Salon,tthairbraiding@gmail.com,ttbraidsalon.com
Twist It Sista @ 329 LLC,twistit329@gmail.com,twistit329.com
Urban Natural Silver Spring,info@urbannaturalhair.com,urbannaturalhair.com
Vibrant Textures Hair Studio,vibranttextureshs@gmail.com,vibranttextures.com
Vivi Braiding,vivibraiding@gmail.com,vivibraiding.com
Watergate Cuts,watergatebarber@gmail.com,Facebook
Willy & Habib's Barber Shop,,not found
World Class Cuts,,not found
Yoni Beauty Salon,yonibeautysalon@gmail.com,Instagram (unconfirmed)
Zee's Hair Braiding,,not found
